﻿{"data":[{"PrimaryGroupSID":"S-1-5-21-849420856-2351964222-986696166-515","AllowedToDelegate":[],"AllowedToAct":[],"HasSIDHistory":[],"Sessions":{"Results":[],"Collected":false,"FailureReason":null},"PrivilegedSessions":{"Results":[],"Collected":false,"FailureReason":null},"RegistrySessions":{"Results":[],"Collected":false,"FailureReason":null},"LocalAdmins":{"Results":[],"Collected":false,"FailureReason":null},"RemoteDesktopUsers":{"Results":[],"Collected":false,"FailureReason":null},"DcomUsers":{"Results":[],"Collected":false,"FailureReason":null},"PSRemoteUsers":{"Results":[],"Collected":false,"FailureReason":null},"Status":null,"Aces":[{"PrincipalSID":"S-1-5-21-849420856-2351964222-986696166-512","PrincipalType":"Group","RightName":"Owns","IsInherited":false},{"PrincipalSID":"CONTROLLER.LOCAL-S-1-5-32-548","PrincipalType":"Group","RightName":"GenericAll","IsInherited":false},{"PrincipalSID":"S-1-5-21-849420856-2351964222-986696166-512","PrincipalType":"Group","RightName":"GenericAll","IsInherited":false},{"PrincipalSID":"S-1-5-21-849420856-2351964222-986696166-526","PrincipalType":"Group","RightName":"AddKeyCredentialLink","IsInherited":true},{"PrincipalSID":"S-1-5-21-849420856-2351964222-986696166-527","PrincipalType":"Group","RightName":"AddKeyCredentialLink","IsInherited":true},{"PrincipalSID":"S-1-5-21-849420856-2351964222-986696166-519","PrincipalType":"Group","RightName":"GenericAll","IsInherited":true},{"PrincipalSID":"CONTROLLER.LOCAL-S-1-5-32-544","PrincipalType":"Group","RightName":"WriteDacl","IsInherited":true},{"PrincipalSID":"CONTROLLER.LOCAL-S-1-5-32-544","PrincipalType":"Group","RightName":"WriteOwner","IsInherited":true},{"PrincipalSID":"CONTROLLER.LOCAL-S-1-5-32-544","PrincipalType":"Group","RightName":"GenericWrite","IsInherited":true}],"ObjectIdentifier":"S-1-5-21-849420856-2351964222-986696166-1109","IsDeleted":false,"IsACLProtected":false,"Properties":{"domain":"CONTROLLER.LOCAL","name":"DESKTOP-2.CONTROLLER.LOCAL","distinguishedname":"CN=DESKTOP-2,CN=COMPUTERS,DC=CONTROLLER,DC=LOCAL","domainsid":"S-1-5-21-849420856-2351964222-986696166","highvalue":false,"haslaps":false,"description":null,"whencreated":1589457903,"enabled":true,"unconstraineddelegation":false,"trustedtoauth":false,"lastlogon":1589484725,"lastlogontimestamp":1589483103,"pwdlastset":1589483103,"serviceprincipalnames":["RestrictedKrbHost/DESKTOP-2","HOST/DESKTOP-2","RestrictedKrbHost/Desktop-2.CONTROLLER.local","HOST/Desktop-2.CONTROLLER.local"],"operatingsystem":"Windows 10 Enterprise Evaluation","sidhistory":[]}},{"PrimaryGroupSID":"S-1-5-21-849420856-2351964222-986696166-515","AllowedToDelegate":[],"AllowedToAct":[],"HasSIDHistory":[],"Sessions":{"Results":[],"Collected":false,"FailureReason":null},"PrivilegedSessions":{"Results":[],"Collected":false,"FailureReason":null},"RegistrySessions":{"Results":[],"Collected":false,"FailureReason":null},"LocalAdmins":{"Results":[],"Collected":false,"FailureReason":null},"RemoteDesktopUsers":{"Results":[],"Collected":false,"FailureReason":null},"DcomUsers":{"Results":[],"Collected":false,"FailureReason":null},"PSRemoteUsers":{"Results":[],"Collected":false,"FailureReason":null},"Status":null,"Aces":[{"PrincipalSID":"S-1-5-21-849420856-2351964222-986696166-512","PrincipalType":"Group","RightName":"Owns","IsInherited":false},{"PrincipalSID":"CONTROLLER.LOCAL-S-1-5-32-548","PrincipalType":"Group","RightName":"GenericAll","IsInherited":false},{"PrincipalSID":"S-1-5-21-849420856-2351964222-986696166-512","PrincipalType":"Group","RightName":"GenericAll","IsInherited":false},{"PrincipalSID":"S-1-5-21-849420856-2351964222-986696166-526","PrincipalType":"Group","RightName":"AddKeyCredentialLink","IsInherited":true},{"PrincipalSID":"S-1-5-21-849420856-2351964222-986696166-527","PrincipalType":"Group","RightName":"AddKeyCredentialLink","IsInherited":true},{"PrincipalSID":"S-1-5-21-849420856-2351964222-986696166-519","PrincipalType":"Group","RightName":"GenericAll","IsInherited":true},{"PrincipalSID":"CONTROLLER.LOCAL-S-1-5-32-544","PrincipalType":"Group","RightName":"WriteDacl","IsInherited":true},{"PrincipalSID":"CONTROLLER.LOCAL-S-1-5-32-544","PrincipalType":"Group","RightName":"WriteOwner","IsInherited":true},{"PrincipalSID":"CONTROLLER.LOCAL-S-1-5-32-544","PrincipalType":"Group","RightName":"GenericWrite","IsInherited":true}],"ObjectIdentifier":"S-1-5-21-849420856-2351964222-986696166-1110","IsDeleted":false,"IsACLProtected":false,"Properties":{"domain":"CONTROLLER.LOCAL","name":"DESKTOP-1.CONTROLLER.LOCAL","distinguishedname":"CN=DESKTOP-1,CN=COMPUTERS,DC=CONTROLLER,DC=LOCAL","domainsid":"S-1-5-21-849420856-2351964222-986696166","highvalue":false,"haslaps":false,"description":null,"whencreated":1589459152,"enabled":true,"unconstraineddelegation":false,"trustedtoauth":false,"lastlogon":1589484424,"lastlogontimestamp":1589484353,"pwdlastset":1589484352,"serviceprincipalnames":["RestrictedKrbHost/DESKTOP-1","HOST/DESKTOP-1","RestrictedKrbHost/Desktop-1.CONTROLLER.local","HOST/Desktop-1.CONTROLLER.local"],"operatingsystem":"Windows 10 Enterprise Evaluation","sidhistory":[]}},{"PrimaryGroupSID":"S-1-5-21-849420856-2351964222-986696166-516","AllowedToDelegate":[],"AllowedToAct":[],"HasSIDHistory":[],"Sessions":{"Results":[],"Collected":true,"FailureReason":null},"PrivilegedSessions":{"Results":[],"Collected":false,"FailureReason":null},"RegistrySessions":{"Results":[],"Collected":false,"FailureReason":null},"LocalAdmins":{"Results":[{"ObjectIdentifier":"S-1-5-21-849420856-2351964222-986696166-500","ObjectType":"User"},{"ObjectIdentifier":"S-1-5-21-849420856-2351964222-986696166-519","ObjectType":"Group"},{"ObjectIdentifier":"S-1-5-21-849420856-2351964222-986696166-512","ObjectType":"Group"},{"ObjectIdentifier":"S-1-5-21-849420856-2351964222-986696166-1105","ObjectType":"User"},{"ObjectIdentifier":"S-1-5-21-849420856-2351964222-986696166-1107","ObjectType":"User"}],"Collected":true,"FailureReason":null},"RemoteDesktopUsers":{"Results":[],"Collected":true,"FailureReason":null},"DcomUsers":{"Results":[],"Collected":true,"FailureReason":null},"PSRemoteUsers":{"Results":[],"Collected":true,"FailureReason":null},"Status":null,"Aces":[{"PrincipalSID":"S-1-5-21-849420856-2351964222-986696166-512","PrincipalType":"Group","RightName":"Owns","IsInherited":false},{"PrincipalSID":"S-1-5-21-849420856-2351964222-986696166-512","PrincipalType":"Group","RightName":"GenericAll","IsInherited":false},{"PrincipalSID":"S-1-5-21-849420856-2351964222-986696166-526","PrincipalType":"Group","RightName":"AddKeyCredentialLink","IsInherited":true},{"PrincipalSID":"S-1-5-21-849420856-2351964222-986696166-527","PrincipalType":"Group","RightName":"AddKeyCredentialLink","IsInherited":true},{"PrincipalSID":"S-1-5-21-849420856-2351964222-986696166-519","PrincipalType":"Group","RightName":"GenericAll","IsInherited":true},{"PrincipalSID":"CONTROLLER.LOCAL-S-1-5-32-544","PrincipalType":"Group","RightName":"WriteDacl","IsInherited":true},{"PrincipalSID":"CONTROLLER.LOCAL-S-1-5-32-544","PrincipalType":"Group","RightName":"WriteOwner","IsInherited":true},{"PrincipalSID":"CONTROLLER.LOCAL-S-1-5-32-544","PrincipalType":"Group","RightName":"GenericWrite","IsInherited":true}],"ObjectIdentifier":"S-1-5-21-849420856-2351964222-986696166-1000","IsDeleted":false,"IsACLProtected":false,"Properties":{"domain":"CONTROLLER.LOCAL","name":"DOMAIN-CONTROLLER.CONTROLLER.LOCAL","distinguishedname":"CN=DOMAIN-CONTROLL,OU=DOMAIN CONTROLLERS,DC=CONTROLLER,DC=LOCAL","domainsid":"S-1-5-21-849420856-2351964222-986696166","highvalue":false,"haslaps":false,"description":null,"whencreated":1589400886,"enabled":true,"unconstraineddelegation":true,"trustedtoauth":false,"lastlogon":1668138796,"lastlogontimestamp":1668137019,"pwdlastset":1668136991,"serviceprincipalnames":["TERMSRV/DOMAIN-CONTROLL","TERMSRV/Domain-Controller.CONTROLLER.local","Dfsr-12F9A27C-BF97-4787-9364-D31B6C55EB04/Domain-Controller.CONTROLLER.local","ldap/Domain-Controller.CONTROLLER.local/ForestDnsZones.CONTROLLER.local","ldap/Domain-Controller.CONTROLLER.local/DomainDnsZones.CONTROLLER.local","DNS/Domain-Controller.CONTROLLER.local","GC/Domain-Controller.CONTROLLER.local/CONTROLLER.local","RestrictedKrbHost/Domain-Controller.CONTROLLER.local","RestrictedKrbHost/DOMAIN-CONTROLL","RPC/5669f8e7-9fd9-4eb6-8e27-d54ef7ce9c56._msdcs.CONTROLLER.local","HOST/DOMAIN-CONTROLL/CONTROLLER","HOST/Domain-Controller.CONTROLLER.local/CONTROLLER","HOST/DOMAIN-CONTROLL","HOST/Domain-Controller.CONTROLLER.local","HOST/Domain-Controller.CONTROLLER.local/CONTROLLER.local","E3514235-4B06-11D1-AB04-00C04FC2DCD2/5669f8e7-9fd9-4eb6-8e27-d54ef7ce9c56/CONTROLLER.local","ldap/DOMAIN-CONTROLL/CONTROLLER","ldap/5669f8e7-9fd9-4eb6-8e27-d54ef7ce9c56._msdcs.CONTROLLER.local","ldap/Domain-Controller.CONTROLLER.local/CONTROLLER","ldap/DOMAIN-CONTROLL","ldap/Domain-Controller.CONTROLLER.local","ldap/Domain-Controller.CONTROLLER.local/CONTROLLER.local"],"operatingsystem":"Windows Server 2019 Standard","sidhistory":[]}}],"meta":{"methods":29675,"type":"computers","count":3,"version":4}}