﻿{"data":[{"ChildObjects":[],"Aces":[{"PrincipalSID":"S-1-5-21-849420856-2351964222-986696166-512","PrincipalType":"Group","RightName":"Owns","IsInherited":false},{"PrincipalSID":"S-1-5-21-849420856-2351964222-986696166-512","PrincipalType":"Group","RightName":"WriteDacl","IsInherited":false},{"PrincipalSID":"S-1-5-21-849420856-2351964222-986696166-512","PrincipalType":"Group","RightName":"WriteOwner","IsInherited":false},{"PrincipalSID":"S-1-5-21-849420856-2351964222-986696166-519","PrincipalType":"Group","RightName":"GenericAll","IsInherited":true},{"PrincipalSID":"S-1-5-21-849420856-2351964222-986696166-512","PrincipalType":"Group","RightName":"GenericAll","IsInherited":true}],"ObjectIdentifier":"0936EBD6-3D91-481F-92B4-D58929A1858F","IsDeleted":false,"IsACLProtected":false,"Properties":{"domain":"CONTROLLER.LOCAL","name":"WMIGPO@CONTROLLER.LOCAL","distinguishedname":"CN=WMIGPO,CN=WMIPOLICY,CN=SYSTEM,DC=CONTROLLER,DC=LOCAL","domainsid":"S-1-5-21-849420856-2351964222-986696166","highvalue":false}},{"ChildObjects":[],"Aces":[{"PrincipalSID":"S-1-5-21-849420856-2351964222-986696166-512","PrincipalType":"Group","RightName":"Owns","IsInherited":false},{"PrincipalSID":"S-1-5-21-849420856-2351964222-986696166-512","PrincipalType":"Group","RightName":"WriteDacl","IsInherited":false},{"PrincipalSID":"S-1-5-21-849420856-2351964222-986696166-512","PrincipalType":"Group","RightName":"WriteOwner","IsInherited":false},{"PrincipalSID":"S-1-5-21-849420856-2351964222-986696166-519","PrincipalType":"Group","RightName":"GenericAll","IsInherited":true},{"PrincipalSID":"S-1-5-21-849420856-2351964222-986696166-512","PrincipalType":"Group","RightName":"GenericAll","IsInherited":true}],"ObjectIdentifier":"53E6383C-C4FD-478F-83CA-5C6872ED34DA","IsDeleted":false,"IsACLProtected":false,"Properties":{"domain":"CONTROLLER.LOCAL","name":"POLICYTYPE@CONTROLLER.LOCAL","distinguishedname":"CN=POLICYTYPE,CN=WMIPOLICY,CN=SYSTEM,DC=CONTROLLER,DC=LOCAL","domainsid":"S-1-5-21-849420856-2351964222-986696166","highvalue":false}},{"ChildObjects":[],"Aces":[{"PrincipalSID":"S-1-5-21-849420856-2351964222-986696166-512","PrincipalType":"Group","RightName":"Owns","IsInherited":false},{"PrincipalSID":"S-1-5-21-849420856-2351964222-986696166-512","PrincipalType":"Group","RightName":"WriteDacl","IsInherited":false},{"PrincipalSID":"S-1-5-21-849420856-2351964222-986696166-512","PrincipalType":"Group","RightName":"WriteOwner","IsInherited":false},{"PrincipalSID":"S-1-5-21-849420856-2351964222-986696166-519","PrincipalType":"Group","RightName":"GenericAll","IsInherited":true},{"PrincipalSID":"S-1-5-21-849420856-2351964222-986696166-512","PrincipalType":"Group","RightName":"GenericAll","IsInherited":true}],"ObjectIdentifier":"AF002DBA-FE7F-4B04-A563-6A1E99068D2B","IsDeleted":false,"IsACLProtected":false,"Properties":{"domain":"CONTROLLER.LOCAL","name":"POLICYTEMPLATE@CONTROLLER.LOCAL","distinguishedname":"CN=POLICYTEMPLATE,CN=WMIPOLICY,CN=SYSTEM,DC=CONTROLLER,DC=LOCAL","domainsid":"S-1-5-21-849420856-2351964222-986696166","highvalue":false}},{"ChildObjects":[],"Aces":[{"PrincipalSID":"S-1-5-21-849420856-2351964222-986696166-512","PrincipalType":"Group","RightName":"Owns","IsInherited":false},{"PrincipalSID":"S-1-5-21-849420856-2351964222-986696166-512","PrincipalType":"Group","RightName":"GenericAll","IsInherited":false},{"PrincipalSID":"S-1-5-21-849420856-2351964222-986696166-519","PrincipalType":"Group","RightName":"GenericAll","IsInherited":false}],"ObjectIdentifier":"FFD14CBA-9B9D-4982-ADF9-0A41558FDA02","IsDeleted":false,"IsACLProtected":true,"Properties":{"domain":"CONTROLLER.LOCAL","name":"SOM@CONTROLLER.LOCAL","distinguishedname":"CN=SOM,CN=WMIPOLICY,CN=SYSTEM,DC=CONTROLLER,DC=LOCAL","domainsid":"S-1-5-21-849420856-2351964222-986696166","highvalue":false}},{"ChildObjects":[],"Aces":[{"PrincipalSID":"S-1-5-21-849420856-2351964222-986696166-512","PrincipalType":"Group","RightName":"Owns","IsInherited":false},{"PrincipalSID":"CONTROLLER.LOCAL-S-1-5-32-544","PrincipalType":"Group","RightName":"WriteDacl","IsInherited":false},{"PrincipalSID":"CONTROLLER.LOCAL-S-1-5-32-544","PrincipalType":"Group","RightName":"WriteOwner","IsInherited":false},{"PrincipalSID":"S-1-5-21-849420856-2351964222-986696166-512","PrincipalType":"Group","RightName":"WriteDacl","IsInherited":false},{"PrincipalSID":"S-1-5-21-849420856-2351964222-986696166-512","PrincipalType":"Group","RightName":"WriteOwner","IsInherited":false},{"PrincipalSID":"S-1-5-21-849420856-2351964222-986696166-519","PrincipalType":"Group","RightName":"WriteDacl","IsInherited":false},{"PrincipalSID":"S-1-5-21-849420856-2351964222-986696166-519","PrincipalType":"Group","RightName":"WriteOwner","IsInherited":false}],"ObjectIdentifier":"96AFCB2D-6A31-4F55-B92A-720093DCD874","IsDeleted":false,"IsACLProtected":true,"Properties":{"domain":"CONTROLLER.LOCAL","name":"ADMINSDHOLDER@CONTROLLER.LOCAL","distinguishedname":"CN=ADMINSDHOLDER,CN=SYSTEM,DC=CONTROLLER,DC=LOCAL","domainsid":"S-1-5-21-849420856-2351964222-986696166","highvalue":false}},{"ChildObjects":[],"Aces":[{"PrincipalSID":"S-1-5-21-849420856-2351964222-986696166-512","PrincipalType":"Group","RightName":"Owns","IsInherited":false},{"PrincipalSID":"S-1-5-21-849420856-2351964222-986696166-512","PrincipalType":"Group","RightName":"GenericAll","IsInherited":false},{"PrincipalSID":"S-1-5-21-849420856-2351964222-986696166-519","PrincipalType":"Group","RightName":"GenericAll","IsInherited":false}],"ObjectIdentifier":"298CDD90-ECB5-4DBE-B225-1C70AB15BDE2","IsDeleted":false,"IsACLProtected":true,"Properties":{"domain":"CONTROLLER.LOCAL","name":"WMIPOLICY@CONTROLLER.LOCAL","distinguishedname":"CN=WMIPOLICY,CN=SYSTEM,DC=CONTROLLER,DC=LOCAL","domainsid":"S-1-5-21-849420856-2351964222-986696166","highvalue":false}},{"ChildObjects":[],"Aces":[{"PrincipalSID":"S-1-5-21-849420856-2351964222-986696166-512","PrincipalType":"Group","RightName":"Owns","IsInherited":false},{"PrincipalSID":"S-1-5-21-849420856-2351964222-986696166-512","PrincipalType":"Group","RightName":"WriteDacl","IsInherited":false},{"PrincipalSID":"S-1-5-21-849420856-2351964222-986696166-512","PrincipalType":"Group","RightName":"WriteOwner","IsInherited":false},{"PrincipalSID":"S-1-5-21-849420856-2351964222-986696166-519","PrincipalType":"Group","RightName":"GenericAll","IsInherited":true},{"PrincipalSID":"CONTROLLER.LOCAL-S-1-5-32-544","PrincipalType":"Group","RightName":"WriteDacl","IsInherited":true},{"PrincipalSID":"CONTROLLER.LOCAL-S-1-5-32-544","PrincipalType":"Group","RightName":"WriteOwner","IsInherited":true}],"ObjectIdentifier":"131D2B3F-C2E2-43E8-83BA-927E0E0ED143","IsDeleted":false,"IsACLProtected":false,"Properties":{"domain":"CONTROLLER.LOCAL","name":"COMPARTITIONSETS@CONTROLLER.LOCAL","distinguishedname":"CN=COMPARTITIONSETS,CN=SYSTEM,DC=CONTROLLER,DC=LOCAL","domainsid":"S-1-5-21-849420856-2351964222-986696166","highvalue":false}},{"ChildObjects":[],"Aces":[{"PrincipalSID":"S-1-5-21-849420856-2351964222-986696166-512","PrincipalType":"Group","RightName":"Owns","IsInherited":false},{"PrincipalSID":"S-1-5-21-849420856-2351964222-986696166-512","PrincipalType":"Group","RightName":"WriteDacl","IsInherited":false},{"PrincipalSID":"S-1-5-21-849420856-2351964222-986696166-512","PrincipalType":"Group","RightName":"WriteOwner","IsInherited":false},{"PrincipalSID":"S-1-5-21-849420856-2351964222-986696166-519","PrincipalType":"Group","RightName":"GenericAll","IsInherited":true},{"PrincipalSID":"CONTROLLER.LOCAL-S-1-5-32-544","PrincipalType":"Group","RightName":"WriteDacl","IsInherited":true},{"PrincipalSID":"CONTROLLER.LOCAL-S-1-5-32-544","PrincipalType":"Group","RightName":"WriteOwner","IsInherited":true}],"ObjectIdentifier":"6D87ED30-5661-4D7B-9271-5CC443E3DE2D","IsDeleted":false,"IsACLProtected":false,"Properties":{"domain":"CONTROLLER.LOCAL","name":"RPCSERVICES@CONTROLLER.LOCAL","distinguishedname":"CN=RPCSERVICES,CN=SYSTEM,DC=CONTROLLER,DC=LOCAL","domainsid":"S-1-5-21-849420856-2351964222-986696166","highvalue":false}},{"ChildObjects":[],"Aces":[{"PrincipalSID":"S-1-5-21-849420856-2351964222-986696166-512","PrincipalType":"Group","RightName":"Owns","IsInherited":false},{"PrincipalSID":"S-1-5-21-849420856-2351964222-986696166-512","PrincipalType":"Group","RightName":"WriteDacl","IsInherited":false},{"PrincipalSID":"S-1-5-21-849420856-2351964222-986696166-512","PrincipalType":"Group","RightName":"WriteOwner","IsInherited":false},{"PrincipalSID":"S-1-5-21-849420856-2351964222-986696166-519","PrincipalType":"Group","RightName":"GenericAll","IsInherited":true},{"PrincipalSID":"CONTROLLER.LOCAL-S-1-5-32-544","PrincipalType":"Group","RightName":"WriteDacl","IsInherited":true},{"PrincipalSID":"CONTROLLER.LOCAL-S-1-5-32-544","PrincipalType":"Group","RightName":"WriteOwner","IsInherited":true}],"ObjectIdentifier":"CFB3E708-28F5-4CA1-8803-C9F9EB68F1B0","IsDeleted":false,"IsACLProtected":false,"Properties":{"domain":"CONTROLLER.LOCAL","name":"MANAGED SERVICE ACCOUNTS@CONTROLLER.LOCAL","distinguishedname":"CN=MANAGED SERVICE ACCOUNTS,DC=CONTROLLER,DC=LOCAL","domainsid":"S-1-5-21-849420856-2351964222-986696166","highvalue":false}},{"ChildObjects":[],"Aces":[{"PrincipalSID":"S-1-5-21-849420856-2351964222-986696166-512","PrincipalType":"Group","RightName":"Owns","IsInherited":false},{"PrincipalSID":"CONTROLLER.LOCAL-S-1-5-9","PrincipalType":"Group","RightName":"GenericAll","IsInherited":false},{"PrincipalSID":"S-1-5-21-849420856-2351964222-986696166-512","PrincipalType":"Group","RightName":"GenericAll","IsInherited":false},{"PrincipalSID":"S-1-5-21-849420856-2351964222-986696166-516","PrincipalType":"Group","RightName":"GenericAll","IsInherited":false},{"PrincipalSID":"S-1-5-21-849420856-2351964222-986696166-519","PrincipalType":"Group","RightName":"GenericAll","IsInherited":false},{"PrincipalSID":"S-1-5-21-849420856-2351964222-986696166-526","PrincipalType":"Group","RightName":"GenericAll","IsInherited":false},{"PrincipalSID":"S-1-5-21-849420856-2351964222-986696166-527","PrincipalType":"Group","RightName":"GenericAll","IsInherited":false}],"ObjectIdentifier":"F58CBA3E-D953-48CF-991D-E64111723B41","IsDeleted":false,"IsACLProtected":true,"Properties":{"domain":"CONTROLLER.LOCAL","name":"KEYS@CONTROLLER.LOCAL","distinguishedname":"CN=KEYS,DC=CONTROLLER,DC=LOCAL","domainsid":"S-1-5-21-849420856-2351964222-986696166","highvalue":false}},{"ChildObjects":[],"Aces":[{"PrincipalSID":"S-1-5-21-849420856-2351964222-986696166-512","PrincipalType":"Group","RightName":"Owns","IsInherited":false},{"PrincipalSID":"S-1-5-21-849420856-2351964222-986696166-512","PrincipalType":"Group","RightName":"WriteDacl","IsInherited":false},{"PrincipalSID":"S-1-5-21-849420856-2351964222-986696166-512","PrincipalType":"Group","RightName":"WriteOwner","IsInherited":false},{"PrincipalSID":"S-1-5-21-849420856-2351964222-986696166-519","PrincipalType":"Group","RightName":"GenericAll","IsInherited":true},{"PrincipalSID":"CONTROLLER.LOCAL-S-1-5-32-544","PrincipalType":"Group","RightName":"WriteDacl","IsInherited":true},{"PrincipalSID":"CONTROLLER.LOCAL-S-1-5-32-544","PrincipalType":"Group","RightName":"WriteOwner","IsInherited":true}],"ObjectIdentifier":"F09F6D29-124D-4511-9CFC-63BAE799ADBA","IsDeleted":false,"IsACLProtected":false,"Properties":{"domain":"CONTROLLER.LOCAL","name":"MEETINGS@CONTROLLER.LOCAL","distinguishedname":"CN=MEETINGS,CN=SYSTEM,DC=CONTROLLER,DC=LOCAL","domainsid":"S-1-5-21-849420856-2351964222-986696166","highvalue":false}},{"ChildObjects":[],"Aces":[{"PrincipalSID":"S-1-5-21-849420856-2351964222-986696166-512","PrincipalType":"Group","RightName":"Owns","IsInherited":false},{"PrincipalSID":"S-1-5-21-849420856-2351964222-986696166-512","PrincipalType":"Group","RightName":"WriteDacl","IsInherited":false},{"PrincipalSID":"S-1-5-21-849420856-2351964222-986696166-512","PrincipalType":"Group","RightName":"WriteOwner","IsInherited":false},{"PrincipalSID":"S-1-5-21-849420856-2351964222-986696166-519","PrincipalType":"Group","RightName":"GenericAll","IsInherited":true},{"PrincipalSID":"CONTROLLER.LOCAL-S-1-5-32-544","PrincipalType":"Group","RightName":"WriteDacl","IsInherited":true},{"PrincipalSID":"CONTROLLER.LOCAL-S-1-5-32-544","PrincipalType":"Group","RightName":"WriteOwner","IsInherited":true}],"ObjectIdentifier":"C9F9796E-1465-4AD8-9B38-2BF12B76AF80","IsDeleted":false,"IsACLProtected":false,"Properties":{"domain":"CONTROLLER.LOCAL","name":"COMPARTITIONS@CONTROLLER.LOCAL","distinguishedname":"CN=COMPARTITIONS,CN=SYSTEM,DC=CONTROLLER,DC=LOCAL","domainsid":"S-1-5-21-849420856-2351964222-986696166","highvalue":false}},{"ChildObjects":[],"Aces":[{"PrincipalSID":"S-1-5-21-849420856-2351964222-986696166-512","PrincipalType":"Group","RightName":"Owns","IsInherited":false},{"PrincipalSID":"S-1-5-21-849420856-2351964222-986696166-512","PrincipalType":"Group","RightName":"GenericAll","IsInherited":false},{"PrincipalSID":"S-1-5-21-849420856-2351964222-986696166-519","PrincipalType":"Group","RightName":"GenericAll","IsInherited":true},{"PrincipalSID":"CONTROLLER.LOCAL-S-1-5-32-544","PrincipalType":"Group","RightName":"WriteDacl","IsInherited":true},{"PrincipalSID":"CONTROLLER.LOCAL-S-1-5-32-544","PrincipalType":"Group","RightName":"WriteOwner","IsInherited":true}],"ObjectIdentifier":"988FDFEA-6C25-445D-9F55-8D9FA3A01F59","IsDeleted":false,"IsACLProtected":false,"Properties":{"domain":"CONTROLLER.LOCAL","name":"PROGRAM DATA@CONTROLLER.LOCAL","distinguishedname":"CN=PROGRAM DATA,DC=CONTROLLER,DC=LOCAL","domainsid":"S-1-5-21-849420856-2351964222-986696166","highvalue":false}},{"ChildObjects":[],"Aces":[{"PrincipalSID":"S-1-5-21-849420856-2351964222-986696166-512","PrincipalType":"Group","RightName":"Owns","IsInherited":false},{"PrincipalSID":"S-1-5-21-849420856-2351964222-986696166-512","PrincipalType":"Group","RightName":"GenericAll","IsInherited":false},{"PrincipalSID":"S-1-5-21-849420856-2351964222-986696166-519","PrincipalType":"Group","RightName":"GenericAll","IsInherited":true},{"PrincipalSID":"CONTROLLER.LOCAL-S-1-5-32-544","PrincipalType":"Group","RightName":"WriteDacl","IsInherited":true},{"PrincipalSID":"CONTROLLER.LOCAL-S-1-5-32-544","PrincipalType":"Group","RightName":"WriteOwner","IsInherited":true}],"ObjectIdentifier":"F418364D-226E-4385-8D34-EE41789E358F","IsDeleted":false,"IsACLProtected":false,"Properties":{"domain":"CONTROLLER.LOCAL","name":"PSPS@CONTROLLER.LOCAL","distinguishedname":"CN=PSPS,CN=SYSTEM,DC=CONTROLLER,DC=LOCAL","domainsid":"S-1-5-21-849420856-2351964222-986696166","highvalue":false}},{"ChildObjects":[],"Aces":[{"PrincipalSID":"S-1-5-21-849420856-2351964222-986696166-512","PrincipalType":"Group","RightName":"Owns","IsInherited":false},{"PrincipalSID":"S-1-5-21-849420856-2351964222-986696166-512","PrincipalType":"Group","RightName":"GenericAll","IsInherited":false},{"PrincipalSID":"S-1-5-21-849420856-2351964222-986696166-519","PrincipalType":"Group","RightName":"GenericAll","IsInherited":true},{"PrincipalSID":"CONTROLLER.LOCAL-S-1-5-32-544","PrincipalType":"Group","RightName":"WriteDacl","IsInherited":true},{"PrincipalSID":"CONTROLLER.LOCAL-S-1-5-32-544","PrincipalType":"Group","RightName":"WriteOwner","IsInherited":true}],"ObjectIdentifier":"13A66817-B44C-433F-A712-F24E4BE84585","IsDeleted":false,"IsACLProtected":false,"Properties":{"domain":"CONTROLLER.LOCAL","name":"MICROSOFT@CONTROLLER.LOCAL","distinguishedname":"CN=MICROSOFT,CN=PROGRAM DATA,DC=CONTROLLER,DC=LOCAL","domainsid":"S-1-5-21-849420856-2351964222-986696166","highvalue":false}},{"ChildObjects":[],"Aces":[{"PrincipalSID":"S-1-5-21-849420856-2351964222-986696166-512","PrincipalType":"Group","RightName":"Owns","IsInherited":false},{"PrincipalSID":"S-1-5-21-849420856-2351964222-986696166-553","PrincipalType":"Group","RightName":"WriteDacl","IsInherited":false},{"PrincipalSID":"S-1-5-21-849420856-2351964222-986696166-553","PrincipalType":"Group","RightName":"WriteOwner","IsInherited":false},{"PrincipalSID":"S-1-5-21-849420856-2351964222-986696166-519","PrincipalType":"Group","RightName":"GenericAll","IsInherited":true},{"PrincipalSID":"CONTROLLER.LOCAL-S-1-5-32-544","PrincipalType":"Group","RightName":"WriteDacl","IsInherited":true},{"PrincipalSID":"CONTROLLER.LOCAL-S-1-5-32-544","PrincipalType":"Group","RightName":"WriteOwner","IsInherited":true}],"ObjectIdentifier":"C03F6B09-DF5C-4FE7-84C7-BBD55B308717","IsDeleted":false,"IsACLProtected":false,"Properties":{"domain":"CONTROLLER.LOCAL","name":"RAS AND IAS SERVERS ACCESS CHECK@CONTROLLER.LOCAL","distinguishedname":"CN=RAS AND IAS SERVERS ACCESS CHECK,CN=SYSTEM,DC=CONTROLLER,DC=LOCAL","domainsid":"S-1-5-21-849420856-2351964222-986696166","highvalue":false}},{"ChildObjects":[],"Aces":[{"PrincipalSID":"S-1-5-21-849420856-2351964222-986696166-512","PrincipalType":"Group","RightName":"Owns","IsInherited":false},{"PrincipalSID":"S-1-5-21-849420856-2351964222-986696166-512","PrincipalType":"Group","RightName":"GenericAll","IsInherited":false},{"PrincipalSID":"S-1-5-21-849420856-2351964222-986696166-519","PrincipalType":"Group","RightName":"GenericAll","IsInherited":true},{"PrincipalSID":"CONTROLLER.LOCAL-S-1-5-32-544","PrincipalType":"Group","RightName":"WriteDacl","IsInherited":true},{"PrincipalSID":"CONTROLLER.LOCAL-S-1-5-32-544","PrincipalType":"Group","RightName":"WriteOwner","IsInherited":true}],"ObjectIdentifier":"2F50226B-F63B-4C2E-82DB-F3C91DB3D924","IsDeleted":false,"IsACLProtected":false,"Properties":{"domain":"CONTROLLER.LOCAL","name":"FOREIGNSECURITYPRINCIPALS@CONTROLLER.LOCAL","distinguishedname":"CN=FOREIGNSECURITYPRINCIPALS,DC=CONTROLLER,DC=LOCAL","domainsid":"S-1-5-21-849420856-2351964222-986696166","highvalue":false}},{"ChildObjects":[],"Aces":[{"PrincipalSID":"S-1-5-21-849420856-2351964222-986696166-512","PrincipalType":"Group","RightName":"Owns","IsInherited":false},{"PrincipalSID":"S-1-5-21-849420856-2351964222-986696166-512","PrincipalType":"Group","RightName":"WriteDacl","IsInherited":false},{"PrincipalSID":"S-1-5-21-849420856-2351964222-986696166-512","PrincipalType":"Group","RightName":"WriteOwner","IsInherited":false},{"PrincipalSID":"S-1-5-21-849420856-2351964222-986696166-519","PrincipalType":"Group","RightName":"GenericAll","IsInherited":true},{"PrincipalSID":"CONTROLLER.LOCAL-S-1-5-32-544","PrincipalType":"Group","RightName":"WriteDacl","IsInherited":true},{"PrincipalSID":"CONTROLLER.LOCAL-S-1-5-32-544","PrincipalType":"Group","RightName":"WriteOwner","IsInherited":true}],"ObjectIdentifier":"E403D20C-7ACB-478C-840C-A9E15303A542","IsDeleted":false,"IsACLProtected":false,"Properties":{"domain":"CONTROLLER.LOCAL","name":"WINSOCKSERVICES@CONTROLLER.LOCAL","distinguishedname":"CN=WINSOCKSERVICES,CN=SYSTEM,DC=CONTROLLER,DC=LOCAL","domainsid":"S-1-5-21-849420856-2351964222-986696166","highvalue":false}},{"ChildObjects":[],"Aces":[{"PrincipalSID":"CONTROLLER.LOCAL-S-1-5-9","PrincipalType":"Group","RightName":"WriteDacl","IsInherited":false},{"PrincipalSID":"CONTROLLER.LOCAL-S-1-5-9","PrincipalType":"Group","RightName":"WriteOwner","IsInherited":false},{"PrincipalSID":"S-1-5-21-849420856-2351964222-986696166-512","PrincipalType":"Group","RightName":"GenericAll","IsInherited":false},{"PrincipalSID":"S-1-5-21-849420856-2351964222-986696166-1101","PrincipalType":"Group","RightName":"WriteDacl","IsInherited":false},{"PrincipalSID":"S-1-5-21-849420856-2351964222-986696166-1101","PrincipalType":"Group","RightName":"WriteOwner","IsInherited":false},{"PrincipalSID":"S-1-5-21-849420856-2351964222-986696166-519","PrincipalType":"Group","RightName":"GenericAll","IsInherited":true},{"PrincipalSID":"CONTROLLER.LOCAL-S-1-5-32-544","PrincipalType":"Group","RightName":"WriteDacl","IsInherited":true},{"PrincipalSID":"CONTROLLER.LOCAL-S-1-5-32-544","PrincipalType":"Group","RightName":"WriteOwner","IsInherited":true}],"ObjectIdentifier":"7C5CF945-3EE8-4CF8-A2B1-07470E065331","IsDeleted":false,"IsACLProtected":false,"Properties":{"domain":"CONTROLLER.LOCAL","name":"MICROSOFTDNS@CONTROLLER.LOCAL","distinguishedname":"CN=MICROSOFTDNS,CN=SYSTEM,DC=CONTROLLER,DC=LOCAL","domainsid":"S-1-5-21-849420856-2351964222-986696166","highvalue":false}},{"ChildObjects":[],"Aces":[{"PrincipalSID":"S-1-5-21-849420856-2351964222-986696166-512","PrincipalType":"Group","RightName":"Owns","IsInherited":false},{"PrincipalSID":"S-1-5-21-849420856-2351964222-986696166-512","PrincipalType":"Group","RightName":"WriteDacl","IsInherited":false},{"PrincipalSID":"S-1-5-21-849420856-2351964222-986696166-512","PrincipalType":"Group","RightName":"WriteOwner","IsInherited":false},{"PrincipalSID":"S-1-5-21-849420856-2351964222-986696166-519","PrincipalType":"Group","RightName":"GenericAll","IsInherited":true},{"PrincipalSID":"CONTROLLER.LOCAL-S-1-5-32-544","PrincipalType":"Group","RightName":"WriteDacl","IsInherited":true},{"PrincipalSID":"CONTROLLER.LOCAL-S-1-5-32-544","PrincipalType":"Group","RightName":"WriteOwner","IsInherited":true}],"ObjectIdentifier":"55E402B7-D7C9-486C-A994-4C425D996184","IsDeleted":false,"IsACLProtected":false,"Properties":{"domain":"CONTROLLER.LOCAL","name":"SYSTEM@CONTROLLER.LOCAL","distinguishedname":"CN=SYSTEM,DC=CONTROLLER,DC=LOCAL","domainsid":"S-1-5-21-849420856-2351964222-986696166","highvalue":false}},{"ChildObjects":[{"ObjectIdentifier":"S-1-5-21-849420856-2351964222-986696166-1110","ObjectType":"Computer"},{"ObjectIdentifier":"S-1-5-21-849420856-2351964222-986696166-1109","ObjectType":"Computer"}],"Aces":[{"PrincipalSID":"S-1-5-21-849420856-2351964222-986696166-512","PrincipalType":"Group","RightName":"Owns","IsInherited":false},{"PrincipalSID":"S-1-5-21-849420856-2351964222-986696166-512","PrincipalType":"Group","RightName":"WriteDacl","IsInherited":false},{"PrincipalSID":"S-1-5-21-849420856-2351964222-986696166-512","PrincipalType":"Group","RightName":"WriteOwner","IsInherited":false},{"PrincipalSID":"S-1-5-21-849420856-2351964222-986696166-519","PrincipalType":"Group","RightName":"GenericAll","IsInherited":true},{"PrincipalSID":"CONTROLLER.LOCAL-S-1-5-32-544","PrincipalType":"Group","RightName":"WriteDacl","IsInherited":true},{"PrincipalSID":"CONTROLLER.LOCAL-S-1-5-32-544","PrincipalType":"Group","RightName":"WriteOwner","IsInherited":true}],"ObjectIdentifier":"6E44310F-845F-4ED6-9554-E3A56670ECA5","IsDeleted":false,"IsACLProtected":false,"Properties":{"domain":"CONTROLLER.LOCAL","name":"COMPUTERS@CONTROLLER.LOCAL","distinguishedname":"CN=COMPUTERS,DC=CONTROLLER,DC=LOCAL","domainsid":"S-1-5-21-849420856-2351964222-986696166","highvalue":false}},{"ChildObjects":[{"ObjectIdentifier":"S-1-5-21-849420856-2351964222-986696166-1105","ObjectType":"User"},{"ObjectIdentifier":"S-1-5-21-849420856-2351964222-986696166-500","ObjectType":"User"},{"ObjectIdentifier":"S-1-5-21-849420856-2351964222-986696166-501","ObjectType":"User"},{"ObjectIdentifier":"S-1-5-21-849420856-2351964222-986696166-502","ObjectType":"User"},{"ObjectIdentifier":"S-1-5-21-849420856-2351964222-986696166-1103","ObjectType":"User"},{"ObjectIdentifier":"S-1-5-21-849420856-2351964222-986696166-1106","ObjectType":"User"},{"ObjectIdentifier":"S-1-5-21-849420856-2351964222-986696166-1108","ObjectType":"User"},{"ObjectIdentifier":"S-1-5-21-849420856-2351964222-986696166-1107","ObjectType":"User"},{"ObjectIdentifier":"S-1-5-21-849420856-2351964222-986696166-1111","ObjectType":"User"}],"Aces":[{"PrincipalSID":"S-1-5-21-849420856-2351964222-986696166-512","PrincipalType":"Group","RightName":"Owns","IsInherited":false},{"PrincipalSID":"S-1-5-21-849420856-2351964222-986696166-512","PrincipalType":"Group","RightName":"WriteDacl","IsInherited":false},{"PrincipalSID":"S-1-5-21-849420856-2351964222-986696166-512","PrincipalType":"Group","RightName":"WriteOwner","IsInherited":false},{"PrincipalSID":"S-1-5-21-849420856-2351964222-986696166-519","PrincipalType":"Group","RightName":"GenericAll","IsInherited":true},{"PrincipalSID":"CONTROLLER.LOCAL-S-1-5-32-544","PrincipalType":"Group","RightName":"WriteDacl","IsInherited":true},{"PrincipalSID":"CONTROLLER.LOCAL-S-1-5-32-544","PrincipalType":"Group","RightName":"WriteOwner","IsInherited":true}],"ObjectIdentifier":"9BA7D45B-54AA-4895-879B-612E603F85B8","IsDeleted":false,"IsACLProtected":false,"Properties":{"domain":"CONTROLLER.LOCAL","name":"USERS@CONTROLLER.LOCAL","distinguishedname":"CN=USERS,DC=CONTROLLER,DC=LOCAL","domainsid":"S-1-5-21-849420856-2351964222-986696166","highvalue":false}},{"ChildObjects":[],"Aces":[{"PrincipalSID":"S-1-5-21-849420856-2351964222-986696166-512","PrincipalType":"Group","RightName":"Owns","IsInherited":false},{"PrincipalSID":"S-1-5-21-849420856-2351964222-986696166-512","PrincipalType":"Group","RightName":"WriteDacl","IsInherited":false},{"PrincipalSID":"S-1-5-21-849420856-2351964222-986696166-512","PrincipalType":"Group","RightName":"WriteOwner","IsInherited":false},{"PrincipalSID":"S-1-5-21-849420856-2351964222-986696166-519","PrincipalType":"Group","RightName":"GenericAll","IsInherited":true},{"PrincipalSID":"CONTROLLER.LOCAL-S-1-5-32-544","PrincipalType":"Group","RightName":"WriteDacl","IsInherited":true},{"PrincipalSID":"CONTROLLER.LOCAL-S-1-5-32-544","PrincipalType":"Group","RightName":"WriteOwner","IsInherited":true}],"ObjectIdentifier":"B7CA9E14-8F08-4F28-9D92-2438153936B4","IsDeleted":false,"IsACLProtected":false,"Properties":{"domain":"CONTROLLER.LOCAL","name":"IP SECURITY@CONTROLLER.LOCAL","distinguishedname":"CN=IP SECURITY,CN=SYSTEM,DC=CONTROLLER,DC=LOCAL","domainsid":"S-1-5-21-849420856-2351964222-986696166","highvalue":false}},{"ChildObjects":[],"Aces":[{"PrincipalSID":"S-1-5-21-849420856-2351964222-986696166-512","PrincipalType":"Group","RightName":"Owns","IsInherited":false},{"PrincipalSID":"S-1-5-21-849420856-2351964222-986696166-512","PrincipalType":"Group","RightName":"WriteDacl","IsInherited":false},{"PrincipalSID":"S-1-5-21-849420856-2351964222-986696166-512","PrincipalType":"Group","RightName":"WriteOwner","IsInherited":false},{"PrincipalSID":"S-1-5-21-849420856-2351964222-986696166-519","PrincipalType":"Group","RightName":"GenericAll","IsInherited":true},{"PrincipalSID":"CONTROLLER.LOCAL-S-1-5-32-544","PrincipalType":"Group","RightName":"WriteDacl","IsInherited":true},{"PrincipalSID":"CONTROLLER.LOCAL-S-1-5-32-544","PrincipalType":"Group","RightName":"WriteOwner","IsInherited":true}],"ObjectIdentifier":"9F0FB9C0-9369-4101-867C-767BDFE46DC2","IsDeleted":false,"IsACLProtected":false,"Properties":{"domain":"CONTROLLER.LOCAL","name":"POLICIES@CONTROLLER.LOCAL","distinguishedname":"CN=POLICIES,CN=SYSTEM,DC=CONTROLLER,DC=LOCAL","domainsid":"S-1-5-21-849420856-2351964222-986696166","highvalue":false}}],"meta":{"methods":29675,"type":"containers","count":24,"version":4}}