﻿{"data":[{"ChildObjects":[{"ObjectIdentifier":"6E44310F-845F-4ED6-9554-E3A56670ECA5","ObjectType":"Container"},{"ObjectIdentifier":"E52B0552-1AA4-43CC-88E9-74FD74256A71","ObjectType":"OU"},{"ObjectIdentifier":"2F50226B-F63B-4C2E-82DB-F3C91DB3D924","ObjectType":"Container"},{"ObjectIdentifier":"0729E32A-F5A2-406B-B26D-8A5F256AE0B7","ObjectType":"OU"},{"ObjectIdentifier":"F58CBA3E-D953-48CF-991D-E64111723B41","ObjectType":"Container"},{"ObjectIdentifier":"CFB3E708-28F5-4CA1-8803-C9F9EB68F1B0","ObjectType":"Container"},{"ObjectIdentifier":"9BA7D45B-54AA-4895-879B-612E603F85B8","ObjectType":"Container"}],"Trusts":[],"Links":[{"IsEnforced":false,"GUID":"E83BE019-610A-4E71-BCDC-D1153E0DEF01"},{"IsEnforced":false,"GUID":"5534D8CA-81B9-4F14-AA00-72FF968AF40D"}],"Aces":[{"PrincipalSID":"CONTROLLER.LOCAL-S-1-5-32-544","PrincipalType":"Group","RightName":"Owns","IsInherited":false},{"PrincipalSID":"CONTROLLER.LOCAL-S-1-5-32-544","PrincipalType":"Group","RightName":"WriteDacl","IsInherited":false},{"PrincipalSID":"CONTROLLER.LOCAL-S-1-5-32-544","PrincipalType":"Group","RightName":"WriteOwner","IsInherited":false},{"PrincipalSID":"CONTROLLER.LOCAL-S-1-5-32-544","PrincipalType":"Group","RightName":"AllExtendedRights","IsInherited":false},{"PrincipalSID":"S-1-5-21-849420856-2351964222-986696166-512","PrincipalType":"Group","RightName":"WriteDacl","IsInherited":false},{"PrincipalSID":"S-1-5-21-849420856-2351964222-986696166-512","PrincipalType":"Group","RightName":"WriteOwner","IsInherited":false},{"PrincipalSID":"S-1-5-21-849420856-2351964222-986696166-512","PrincipalType":"Group","RightName":"AllExtendedRights","IsInherited":false},{"PrincipalSID":"S-1-5-21-849420856-2351964222-986696166-519","PrincipalType":"Group","RightName":"GenericAll","IsInherited":false},{"PrincipalSID":"CONTROLLER.LOCAL-S-1-5-9","PrincipalType":"Group","RightName":"GetChanges","IsInherited":false},{"PrincipalSID":"CONTROLLER.LOCAL-S-1-5-32-544","PrincipalType":"Group","RightName":"GetChangesAll","IsInherited":false},{"PrincipalSID":"CONTROLLER.LOCAL-S-1-5-32-544","PrincipalType":"Group","RightName":"GetChanges","IsInherited":false},{"PrincipalSID":"S-1-5-21-849420856-2351964222-986696166-498","PrincipalType":"Group","RightName":"GetChanges","IsInherited":false},{"PrincipalSID":"S-1-5-21-849420856-2351964222-986696166-516","PrincipalType":"Group","RightName":"GetChangesAll","IsInherited":false}],"ObjectIdentifier":"S-1-5-21-849420856-2351964222-986696166","IsDeleted":false,"IsACLProtected":false,"GPOChanges":{"LocalAdmins":[],"RemoteDesktopUsers":[],"DcomUsers":[],"PSRemoteUsers":[],"AffectedComputers":[]},"Properties":{"domain":"CONTROLLER.LOCAL","name":"CONTROLLER.LOCAL","distinguishedname":"DC=CONTROLLER,DC=LOCAL","domainsid":"S-1-5-21-849420856-2351964222-986696166","highvalue":true,"description":null,"whencreated":1589400822,"functionallevel":"2016"}}],"meta":{"methods":29675,"type":"domains","count":1,"version":4}}