﻿{"data":[{"Links":[{"IsEnforced":false,"GUID":"B83DB698-8181-404D-8189-68CBEA2C6EB7"}],"ChildObjects":[{"ObjectIdentifier":"S-1-5-21-849420856-2351964222-986696166-1000","ObjectType":"Computer"}],"Aces":[{"PrincipalSID":"S-1-5-21-849420856-2351964222-986696166-512","PrincipalType":"Group","RightName":"Owns","IsInherited":false},{"PrincipalSID":"S-1-5-21-849420856-2351964222-986696166-512","PrincipalType":"Group","RightName":"WriteDacl","IsInherited":false},{"PrincipalSID":"S-1-5-21-849420856-2351964222-986696166-512","PrincipalType":"Group","RightName":"WriteOwner","IsInherited":false},{"PrincipalSID":"S-1-5-21-849420856-2351964222-986696166-519","PrincipalType":"Group","RightName":"GenericAll","IsInherited":true},{"PrincipalSID":"CONTROLLER.LOCAL-S-1-5-32-544","PrincipalType":"Group","RightName":"WriteDacl","IsInherited":true},{"PrincipalSID":"CONTROLLER.LOCAL-S-1-5-32-544","PrincipalType":"Group","RightName":"WriteOwner","IsInherited":true}],"ObjectIdentifier":"E52B0552-1AA4-43CC-88E9-74FD74256A71","IsDeleted":false,"IsACLProtected":false,"GPOChanges":{"LocalAdmins":[],"RemoteDesktopUsers":[],"DcomUsers":[],"PSRemoteUsers":[],"AffectedComputers":[]},"Properties":{"domain":"CONTROLLER.LOCAL","name":"DOMAIN CONTROLLERS@CONTROLLER.LOCAL","distinguishedname":"OU=DOMAIN CONTROLLERS,DC=CONTROLLER,DC=LOCAL","domainsid":"S-1-5-21-849420856-2351964222-986696166","highvalue":false,"description":"Default container for domain controllers","whencreated":1589400833,"blocksinheritance":false}},{"Links":[],"ChildObjects":[{"ObjectIdentifier":"S-1-5-21-849420856-2351964222-986696166-571","ObjectType":"Group"},{"ObjectIdentifier":"S-1-5-21-849420856-2351964222-986696166-517","ObjectType":"Group"},{"ObjectIdentifier":"S-1-5-21-849420856-2351964222-986696166-522","ObjectType":"Group"},{"ObjectIdentifier":"S-1-5-21-849420856-2351964222-986696166-572","ObjectType":"Group"},{"ObjectIdentifier":"S-1-5-21-849420856-2351964222-986696166-1101","ObjectType":"Group"},{"ObjectIdentifier":"S-1-5-21-849420856-2351964222-986696166-1102","ObjectType":"Group"},{"ObjectIdentifier":"S-1-5-21-849420856-2351964222-986696166-512","ObjectType":"Group"},{"ObjectIdentifier":"S-1-5-21-849420856-2351964222-986696166-515","ObjectType":"Group"},{"ObjectIdentifier":"S-1-5-21-849420856-2351964222-986696166-516","ObjectType":"Group"},{"ObjectIdentifier":"S-1-5-21-849420856-2351964222-986696166-514","ObjectType":"Group"},{"ObjectIdentifier":"S-1-5-21-849420856-2351964222-986696166-513","ObjectType":"Group"},{"ObjectIdentifier":"S-1-5-21-849420856-2351964222-986696166-519","ObjectType":"Group"},{"ObjectIdentifier":"S-1-5-21-849420856-2351964222-986696166-527","ObjectType":"Group"},{"ObjectIdentifier":"S-1-5-21-849420856-2351964222-986696166-498","ObjectType":"Group"},{"ObjectIdentifier":"S-1-5-21-849420856-2351964222-986696166-520","ObjectType":"Group"},{"ObjectIdentifier":"S-1-5-21-849420856-2351964222-986696166-526","ObjectType":"Group"},{"ObjectIdentifier":"S-1-5-21-849420856-2351964222-986696166-525","ObjectType":"Group"},{"ObjectIdentifier":"S-1-5-21-849420856-2351964222-986696166-553","ObjectType":"Group"},{"ObjectIdentifier":"S-1-5-21-849420856-2351964222-986696166-521","ObjectType":"Group"},{"ObjectIdentifier":"S-1-5-21-849420856-2351964222-986696166-518","ObjectType":"Group"}],"Aces":[{"PrincipalSID":"S-1-5-21-849420856-2351964222-986696166-512","PrincipalType":"Group","RightName":"Owns","IsInherited":false},{"PrincipalSID":"S-1-5-21-849420856-2351964222-986696166-512","PrincipalType":"Group","RightName":"GenericAll","IsInherited":false},{"PrincipalSID":"S-1-5-21-849420856-2351964222-986696166-519","PrincipalType":"Group","RightName":"GenericAll","IsInherited":true},{"PrincipalSID":"CONTROLLER.LOCAL-S-1-5-32-544","PrincipalType":"Group","RightName":"WriteDacl","IsInherited":true},{"PrincipalSID":"CONTROLLER.LOCAL-S-1-5-32-544","PrincipalType":"Group","RightName":"WriteOwner","IsInherited":true}],"ObjectIdentifier":"0729E32A-F5A2-406B-B26D-8A5F256AE0B7","IsDeleted":false,"IsACLProtected":false,"GPOChanges":{"LocalAdmins":[],"RemoteDesktopUsers":[],"DcomUsers":[],"PSRemoteUsers":[],"AffectedComputers":[]},"Properties":{"domain":"CONTROLLER.LOCAL","name":"GROUPS@CONTROLLER.LOCAL","distinguishedname":"OU=GROUPS,DC=CONTROLLER,DC=LOCAL","domainsid":"S-1-5-21-849420856-2351964222-986696166","highvalue":false,"description":null,"whencreated":1589401269,"blocksinheritance":false}}],"meta":{"methods":29675,"type":"ous","count":2,"version":4}}