{"nextId":2,"logins":[{"id":1,"hostname":"https://tryhackme.com","httpRealm":null,"formSubmitURL":"https://tryhackme.com","usernameField":"email","passwordField":"password","encryptedUsername":"MEIEEPgAAAAAAAAAAAAAAAAAAAEwFAYIKoZIhvcNAwcECGTdteVlY+xxBBjfIPYRG22oqSkatzSobyWk2xPX4TiOOKE=","encryptedPassword":"MEIEEPgAAAAAAAAAAAAAAAAAAAEwFAYIKoZIhvcNAwcECHu6efDMbAwDBBjp+XbxLGvfpavdVwdpPFupNpNwheQ+A5Y=","guid":"{8fa24ee9-208e-41f9-a718-eb6a770d70b8}","encType":1,"timeCreated":1654970290415,"timeLastUsed":1654970290415,"timePasswordChanged":1654970290415,"timesUsed":1}],"potentiallyVulnerablePasswords":[],"dismissedBreachAlertsByLoginGUID":{},"version":3}